epoch,time,train/box_loss,train/cls_loss,train/dfl_loss,metrics/precision(B),metrics/recall(B),metrics/mAP50(B),metrics/mAP50-95(B),val/box_loss,val/cls_loss,val/dfl_loss,lr/pg0,lr/pg1,lr/pg2
1,267.187,3.01805,5.79623,2.40429,0,0,0,0,4.37485,6.0163,3.57037,4.116e-05,4.116e-05,4.116e-05
2,548.551,2.48941,5.62531,1.96907,0,0,0,0,3.32878,5.97925,2.7663,5.61393e-05,5.61393e-05,5.61393e-05
3,852.741,2.20937,5.44576,1.72461,0,0,0,0,2.48009,5.83433,2.1296,4.29828e-05,4.29828e-05,4.29828e-05
