epoch,time,train/box_loss,train/cls_loss,train/dfl_loss,metrics/precision(B),metrics/recall(B),metrics/mAP50(B),metrics/mAP50-95(B),val/box_loss,val/cls_loss,val/dfl_loss,lr/pg0,lr/pg1,lr/pg2
1,282.448,3.03165,5.80905,2.34386,0,0,0,0,4.49815,5.97985,3.92672,3.969e-05,3.969e-05,3.969e-05
2,591.972,2.55304,5.61454,1.99062,0,0,0,0,3.74667,5.9563,3.18292,6.48417e-05,6.48417e-05,6.48417e-05
3,864.842,2.25042,5.37418,1.74209,0.00223,0.0003,0.00113,0.00079,2.78075,5.8261,2.42589,7.3694e-05,7.3694e-05,7.3694e-05
4,1132.71,2.10889,5.11684,1.59211,0.00474,0.01338,0.00331,0.00206,2.43087,5.52967,2.05624,5.9682e-05,5.9682e-05,5.9682e-05
5,1398.14,2.08684,5.02008,1.59157,0.00566,0.05868,0.00487,0.00305,2.23704,5.21791,1.81861,3.0576e-05,3.0576e-05,3.0576e-05
