epoch,time,train/box_loss,train/cls_loss,train/dfl_loss,metrics/precision(B),metrics/recall(B),metrics/mAP50(B),metrics/mAP50-95(B),val/box_loss,val/cls_loss,val/dfl_loss,lr/pg0,lr/pg1,lr/pg2
1,208.668,2.97607,5.82045,2.2577,0,0,0,0,4.31065,5.97372,3.4713,2.94e-05,2.94e-05,2.94e-05
2,410.801,2.53983,5.67928,1.91305,0,0,0,0,4.17172,6.00382,3.40685,4.03809e-05,4.03809e-05,4.03809e-05
3,618.17,2.18674,5.51976,1.65134,0,0,0,0,3.07028,5.90778,2.53609,3.09876e-05,3.09876e-05,3.09876e-05
